Age,Gender,Education Level,Job Title,Years of Experience,Location,Work Mode,Salary
18,Female,Bachelor's,UX Designer,3.5,Chennai,Hybrid,1038418
56,Male,Master's,Business Analyst,4.1,Pune,Hybrid,1297925
25,Female,PhD,Business Analyst,15.3,Bangalore,Hybrid,3462939
39,Male,Master's,UX Designer,10.1,Chennai,Remote,2257041
51,Female,Bachelor's,Full Stack Developer,9.6,Hyderabad,Remote,2037744
49,Male,Bachelor's,Marketing Manager,9.0,Pune,Remote,2273669
20,Male,Bachelor's,Intern,0.4,Noida,On-site,566805
47,Female,Bachelor's,HR Manager,3.7,Gurgaon,On-site,1561973
35,Female,Bachelor's,Product Manager,15.8,Gurgaon,On-site,3364410
21,Female,Bachelor's,Intern,0.3,Bangalore,Hybrid,446088
56,Male,Bachelor's,Frontend Developer,0.4,Mumbai,Hybrid,663118
41,Female,Bachelor's,Software Engineer,5.0,Gurgaon,On-site,1410817
24,Female,Bachelor's,Business Analyst,22.5,Noida,Hybrid,3866734
24,Male,Bachelor's,Business Analyst,17.8,Hyderabad,On-site,3128347
30,Male,Master's,Backend Developer,17.0,Pune,Remote,3271866
39,Male,Bachelor's,Marketing Manager,14.0,Pune,Remote,2952012
21,Male,Bachelor's,Project Manager,13.1,Noida,Remote,2853265
40,Female,Master's,Frontend Developer,5.0,Mumbai,Hybrid,1538404
37,Male,Master's,Full Stack Developer,21.1,Mumbai,Hybrid,4040363
50,Male,Bachelor's,QA Engineer,2.4,Pune,On-site,823122
47,Male,Bachelor's,Marketing Manager,24.0,Mumbai,On-site,4673933
46,Male,Bachelor's,QA Engineer,20.8,Hyderabad,Hybrid,3651109
19,Male,Master's,Frontend Developer,2.3,Bangalore,Remote,1172335
30,Female,Master's,Software Engineer,9.0,Bangalore,Remote,2220408
50,Male,Bachelor's,HR Manager,17.6,Pune,Hybrid,3504731
39,Male,Master's,Full Stack Developer,24.7,Chennai,Remote,4493293
38,Male,Bachelor's,Software Engineer,24.0,Noida,On-site,4078294
25,Male,Bachelor's,Marketing Manager,20.4,Noida,Remote,3929822
37,Male,Master's,QA Engineer,1.1,Mumbai,On-site,984388
35,Female,Bachelor's,Marketing Manager,5.3,Gurgaon,Hybrid,1758035
50,Male,Bachelor's,Full Stack Developer,4.5,Pune,Hybrid,1261695
32,Female,Bachelor's,DevOps Engineer,10.7,Mumbai,Remote,2223273
57,Male,Bachelor's,Product Manager,14.9,Noida,On-site,3089006
23,Male,Master's,Intern,0.1,Bangalore,Hybrid,599446
36,Male,Bachelor's,Business Analyst,19.6,Gurgaon,Hybrid,3588288
46,Male,Bachelor's,Marketing Manager,9.1,Mumbai,Hybrid,2451239
22,Female,Master's,Project Manager,9.4,Chennai,Hybrid,2464024
48,Female,Master's,Project Manager,6.2,Bangalore,Remote,2153879
52,Female,Bachelor's,Data Scientist,19.0,Bangalore,Hybrid,3731914
55,Male,Bachelor's,Business Analyst,12.7,Mumbai,On-site,2476804
50,Male,PhD,Backend Developer,0.4,Mumbai,On-site,1250943
25,Male,Bachelor's,Business Analyst,21.9,Noida,On-site,3841838
43,Male,Master's,Data Scientist,22.2,Chennai,Hybrid,4285054
19,Male,Bachelor's,DevOps Engineer,6.2,Bangalore,Remote,1593458
22,Female,Bachelor's,Full Stack Developer,20.8,Noida,Remote,3628134
49,Male,Bachelor's,Full Stack Developer,24.6,Bangalore,Hybrid,4268380
27,Female,Master's,Product Manager,18.4,Pune,Remote,3891944
18,Male,Master's,Software Engineer,0.5,Noida,Remote,785022
28,Female,Master's,Backend Developer,22.3,Pune,Remote,4119217
20,Male,Bachelor's,Intern,0.8,Hyderabad,On-site,495181
58,Male,Bachelor's,Product Manager,23.7,Mumbai,On-site,4619172
43,Male,Master's,Frontend Developer,6.6,Bangalore,On-site,1746505
51,Male,Master's,QA Engineer,22.4,Mumbai,Hybrid,4137512
42,Male,Bachelor's,Data Scientist,2.0,Noida,Remote,1151864
22,Female,Bachelor's,Intern,0.8,Noida,Remote,588636
43,Male,Bachelor's,HR Manager,11.9,Hyderabad,On-site,2670130
18,Female,Bachelor's,Project Manager,22.5,Mumbai,Hybrid,4325046
40,Female,Master's,UX Designer,15.8,Mumbai,Remote,3124025
55,Female,Bachelor's,Product Manager,6.0,Mumbai,On-site,1998592
29,Male,Master's,Product Manager,10.2,Mumbai,Remote,2804124
25,Male,Master's,QA Engineer,7.7,Noida,Remote,1901135
48,Female,Bachelor's,Frontend Developer,14.0,Hyderabad,Remote,2575991
21,Male,Bachelor's,Backend Developer,3.8,Pune,Remote,1067376
52,Male,High School,HR Manager,25.0,Mumbai,On-site,4732925
54,Female,Master's,QA Engineer,12.9,Noida,On-site,2607344
46,Female,Bachelor's,Data Scientist,25.0,Pune,Remote,4522854
20,Female,Bachelor's,Full Stack Developer,19.2,Chennai,On-site,3422893
31,Female,Bachelor's,Full Stack Developer,17.0,Mumbai,Hybrid,3195524
29,Male,Bachelor's,QA Engineer,20.8,Chennai,Remote,3654693
31,Female,Master's,Frontend Developer,19.6,Mumbai,On-site,3836940
54,Female,Bachelor's,Business Analyst,15.3,Gurgaon,Hybrid,2857638
40,Male,Bachelor's,Backend Developer,16.9,Chennai,Hybrid,3015667
33,Female,Bachelor's,Marketing Manager,17.9,Hyderabad,On-site,3553303
22,Female,Bachelor's,Intern,0.6,Gurgaon,On-site,351664
38,Female,Master's,Full Stack Developer,18.1,Mumbai,Remote,3496213
40,Male,Bachelor's,Marketing Manager,2.2,Bangalore,Remote,1369319
37,Female,Bachelor's,DevOps Engineer,1.6,Noida,Remote,784935
47,Male,High School,Full Stack Developer,18.4,Bangalore,On-site,3319487
36,Male,Bachelor's,Full Stack Developer,6.7,Pune,Hybrid,1495525
37,Female,Bachelor's,Project Manager,22.7,Mumbai,On-site,4439526
34,Male,Master's,QA Engineer,13.2,Chennai,Remote,2717635
35,Female,Bachelor's,Full Stack Developer,20.1,Bangalore,Remote,3691017
20,Male,Bachelor's,HR Manager,24.9,Bangalore,On-site,4831200
32,Female,Bachelor's,QA Engineer,4.5,Chennai,On-site,1144145
32,Female,High School,HR Manager,19.0,Mumbai,On-site,3847660
43,Female,Bachelor's,Data Scientist,24.1,Mumbai,On-site,4550224
41,Female,Bachelor's,HR Manager,22.6,Mumbai,Hybrid,4430963
43,Male,Bachelor's,Backend Developer,1.1,Chennai,Hybrid,634422
27,Male,Bachelor's,Data Scientist,9.2,Chennai,Remote,2143970
26,Female,Bachelor's,UX Designer,19.8,Pune,Remote,3520221
41,Male,Bachelor's,UX Designer,18.4,Mumbai,Hybrid,3396494
39,Female,Bachelor's,UX Designer,13.3,Pune,On-site,2483868
20,Female,Master's,Intern,0.7,Hyderabad,On-site,585922
34,Female,Bachelor's,Project Manager,18.6,Noida,On-site,3780712
58,Male,Bachelor's,HR Manager,19.4,Noida,On-site,3887518
59,Female,Bachelor's,Software Engineer,10.7,Bangalore,On-site,2230654
37,Male,Bachelor's,Product Manager,9.9,Bangalore,Remote,2574309
23,Male,Bachelor's,Intern,0.4,Pune,Hybrid,483584
22,Female,Bachelor's,Product Manager,1.6,Gurgaon,On-site,1243610
57,Female,Bachelor's,Marketing Manager,14.4,Pune,Hybrid,3085180
55,Female,High School,Software Engineer,8.2,Hyderabad,Remote,1758735
24,Male,Bachelor's,Backend Developer,17.5,Pune,Hybrid,3166921
37,Male,Bachelor's,Full Stack Developer,21.4,Gurgaon,On-site,3805610
38,Male,Master's,UX Designer,7.2,Chennai,On-site,1857354
43,Male,Bachelor's,Frontend Developer,17.9,Chennai,Hybrid,3195474
53,Female,Master's,Project Manager,11.1,Chennai,Remote,2838016
53,Female,Master's,Backend Developer,4.1,Hyderabad,Remote,1391478
36,Male,Bachelor's,DevOps Engineer,13.8,Chennai,Remote,2520309
47,Female,Bachelor's,Data Scientist,23.4,Gurgaon,On-site,4390419
22,Male,High School,Business Analyst,2.3,Pune,Hybrid,824044
42,Male,Master's,UX Designer,3.2,Pune,On-site,1150377
31,Male,Bachelor's,QA Engineer,11.8,Bangalore,Hybrid,2382818
32,Male,Bachelor's,Business Analyst,21.9,Bangalore,Hybrid,3880836
20,Female,Bachelor's,Intern,0.1,Gurgaon,Hybrid,470802
37,Male,Bachelor's,HR Manager,20.6,Chennai,On-site,3960457
26,Female,Bachelor's,QA Engineer,0.4,Bangalore,Remote,699044
19,Male,Bachelor's,Intern,0.4,Bangalore,Remote,386367
21,Male,Bachelor's,Intern,0.9,Pune,Remote,400421
41,Male,Master's,Marketing Manager,3.7,Noida,Remote,1718835
47,Female,Master's,Full Stack Developer,12.2,Mumbai,On-site,2629748
21,Male,Master's,Backend Developer,13.9,Noida,Remote,2791163
37,Female,Master's,Backend Developer,5.6,Bangalore,Hybrid,1627115
45,Female,Master's,Marketing Manager,7.1,Pune,Remote,2244654
25,Male,Master's,HR Manager,10.5,Mumbai,Remote,2799889
50,Male,Master's,Data Scientist,5.0,Pune,On-site,1836572
59,Male,Bachelor's,Software Engineer,12.6,Hyderabad,On-site,2428744
38,Female,High School,Data Scientist,24.4,Chennai,Remote,4513962
56,Female,Bachelor's,Business Analyst,23.5,Mumbai,On-site,4173534
56,Female,Bachelor's,HR Manager,8.4,Chennai,On-site,2160654
21,Female,Bachelor's,UX Designer,22.8,Pune,Hybrid,4010925
33,Male,Master's,Full Stack Developer,19.4,Noida,On-site,3708424
41,Female,Master's,Business Analyst,14.5,Chennai,Hybrid,2847197
28,Female,Bachelor's,Backend Developer,24.9,Chennai,Hybrid,4306228
52,Female,Master's,Marketing Manager,10.6,Hyderabad,Remote,2690608
36,Male,Master's,Business Analyst,12.5,Chennai,Hybrid,2623595
25,Female,Master's,Backend Developer,3.5,Gurgaon,On-site,1305496
22,Female,Master's,Data Scientist,14.7,Noida,Remote,3278676
40,Female,Bachelor's,Software Engineer,2.9,Pune,Remote,1000372
26,Female,Bachelor's,Frontend Developer,9.0,Bangalore,On-site,2047446
46,Female,Bachelor's,Software Engineer,17.2,Hyderabad,Hybrid,3079496
44,Male,Bachelor's,Full Stack Developer,22.9,Gurgaon,Remote,4020772
37,Female,Bachelor's,Frontend Developer,21.0,Chennai,Remote,3616131
59,Male,Bachelor's,Product Manager,16.9,Pune,Hybrid,3428425
45,Male,Bachelor's,Frontend Developer,1.7,Hyderabad,Remote,792554
40,Male,Master's,Software Engineer,8.6,Hyderabad,On-site,2026881
55,Female,Master's,Business Analyst,22.8,Bangalore,Remote,4200567
18,Male,Master's,Intern,0.3,Mumbai,On-site,547962
18,Male,Master's,Full Stack Developer,1.9,Mumbai,Hybrid,1066775
37,Male,Bachelor's,Backend Developer,1.0,Chennai,Hybrid,632763
59,Female,Bachelor's,HR Manager,12.9,Chennai,Hybrid,2933725
30,Female,Master's,DevOps Engineer,5.7,Gurgaon,Remote,1609383
18,Male,PhD,Intern,0.8,Gurgaon,Remote,577913
43,Male,Bachelor's,HR Manager,21.0,Bangalore,On-site,4116915
54,Male,Master's,QA Engineer,8.5,Noida,Remote,2045293
52,Male,Bachelor's,HR Manager,7.3,Noida,Hybrid,1990435
24,Male,Master's,Project Manager,1.8,Noida,Hybrid,1390467
44,Male,Bachelor's,Backend Developer,17.8,Hyderabad,On-site,3205214
51,Male,Bachelor's,Frontend Developer,4.5,Pune,Hybrid,1146840
53,Female,Bachelor's,Project Manager,18.1,Gurgaon,On-site,3793612
39,Female,Master's,Marketing Manager,18.1,Mumbai,On-site,3949825
28,Female,Bachelor's,UX Designer,7.0,Mumbai,On-site,1725631
57,Female,PhD,Project Manager,11.0,Mumbai,Hybrid,3196815
54,Male,Master's,Full Stack Developer,9.2,Hyderabad,On-site,2102025
56,Male,Bachelor's,Business Analyst,11.6,Gurgaon,Remote,2431378
19,Male,Master's,Marketing Manager,17.8,Bangalore,On-site,3914536
44,Male,PhD,Project Manager,14.8,Mumbai,On-site,3727836
32,Male,High School,Backend Developer,16.6,Mumbai,On-site,3189880
48,Female,Master's,UX Designer,2.7,Gurgaon,On-site,1185530
24,Male,Master's,Data Scientist,17.0,Chennai,Hybrid,3582517
26,Female,Bachelor's,UX Designer,23.1,Noida,Remote,3978309
20,Male,Master's,DevOps Engineer,13.8,Chennai,Hybrid,2824979
40,Male,Bachelor's,Business Analyst,23.0,Mumbai,Hybrid,4029842
47,Male,Master's,UX Designer,12.1,Mumbai,On-site,2654472
55,Female,Master's,Full Stack Developer,4.1,Hyderabad,On-site,1298277
37,Female,Bachelor's,Data Scientist,12.7,Mumbai,Remote,2830733
32,Female,Bachelor's,Full Stack Developer,20.4,Pune,Hybrid,3580974
50,Male,Master's,Data Scientist,24.5,Noida,On-site,4637724
20,Male,Bachelor's,Intern,0.4,Hyderabad,Remote,502521
23,Female,Master's,Backend Developer,8.0,Chennai,On-site,1904731
39,Female,Bachelor's,Project Manager,12.1,Hyderabad,Remote,2749840
34,Male,Bachelor's,UX Designer,10.2,Gurgaon,Hybrid,2201133
30,Female,High School,Software Engineer,7.8,Chennai,Remote,1768853
52,Female,Bachelor's,Project Manager,14.3,Gurgaon,On-site,3118063
59,Female,Bachelor's,Product Manager,22.3,Mumbai,Remote,4338925
40,Female,Bachelor's,Full Stack Developer,5.5,Mumbai,Hybrid,1415207
59,Female,PhD,Business Analyst,17.3,Mumbai,Remote,3764713
50,Male,Bachelor's,Frontend Developer,4.8,Gurgaon,Hybrid,1413063
46,Female,Bachelor's,Product Manager,22.7,Bangalore,Hybrid,4356628
24,Male,Master's,Data Scientist,8.1,Noida,On-site,2170064
42,Male,Bachelor's,Backend Developer,5.9,Mumbai,Remote,1513075
27,Male,Master's,Marketing Manager,22.0,Bangalore,On-site,4493933
37,Female,Master's,QA Engineer,7.3,Pune,Remote,1879399
52,Male,Master's,Business Analyst,15.5,Pune,Hybrid,2997386
45,Male,Master's,Full Stack Developer,3.5,Bangalore,On-site,1378958
56,Female,Master's,HR Manager,24.7,Chennai,Remote,4824670
32,Female,Bachelor's,Backend Developer,17.1,Pune,Remote,3118431
28,Female,Bachelor's,Full Stack Developer,5.9,Chennai,On-site,1457227
39,Female,Bachelor's,UX Designer,14.2,Chennai,Hybrid,2718948
37,Female,Bachelor's,Project Manager,23.8,Hyderabad,Remote,4533635
54,Female,High School,Full Stack Developer,3.5,Mumbai,On-site,1109518
59,Male,Master's,Full Stack Developer,21.8,Gurgaon,Hybrid,4061400
53,Male,Bachelor's,DevOps Engineer,6.2,Hyderabad,Hybrid,1463971
19,Female,Bachelor's,Business Analyst,16.7,Hyderabad,Remote,3103815
23,Female,Bachelor's,Intern,0.8,Mumbai,On-site,398235
18,Female,Bachelor's,Full Stack Developer,11.6,Hyderabad,Remote,2233489
39,Female,Bachelor's,Software Engineer,1.7,Hyderabad,Remote,803851
53,Female,High School,Project Manager,5.3,Chennai,On-site,1734721
22,Male,Bachelor's,Full Stack Developer,6.3,Gurgaon,Hybrid,1551275
48,Female,Master's,Project Manager,10.4,Gurgaon,Remote,2720870
55,Female,Bachelor's,UX Designer,5.3,Gurgaon,On-site,1491893
22,Female,Bachelor's,Frontend Developer,20.4,Hyderabad,Remote,3639397
56,Male,Master's,Marketing Manager,14.8,Pune,Hybrid,3290098
58,Male,PhD,Data Scientist,7.6,Pune,On-site,2498757
27,Male,Master's,HR Manager,22.2,Hyderabad,Hybrid,4400528
21,Male,Bachelor's,Intern,1.0,Chennai,Remote,484516
22,Female,Bachelor's,Intern,0.7,Pune,On-site,494662
25,Male,Master's,Full Stack Developer,24.5,Hyderabad,On-site,4373929
45,Female,Bachelor's,Software Engineer,1.5,Noida,Remote,677623
52,Female,Bachelor's,Product Manager,15.0,Chennai,Remote,3221845
46,Female,Bachelor's,UX Designer,8.6,Pune,Remote,1839022
36,Female,High School,QA Engineer,24.0,Pune,Remote,4059840
38,Male,High School,Full Stack Developer,5.5,Pune,Remote,1291087
36,Male,Master's,DevOps Engineer,12.3,Mumbai,Hybrid,2689791
33,Male,Bachelor's,Full Stack Developer,7.8,Chennai,Remote,1716385
58,Female,Master's,Software Engineer,16.9,Pune,Hybrid,3299935
36,Female,Master's,Full Stack Developer,14.5,Mumbai,Hybrid,3038551
54,Female,Bachelor's,UX Designer,14.9,Mumbai,Hybrid,2875118
44,Female,Master's,Business Analyst,5.9,Noida,Remote,1615792
53,Female,Master's,Software Engineer,11.9,Pune,Hybrid,2461630
23,Male,High School,Software Engineer,18.0,Hyderabad,On-site,3193773
26,Male,Bachelor's,Product Manager,7.6,Gurgaon,Remote,2209310
51,Female,Master's,Software Engineer,2.6,Noida,On-site,1087840
51,Female,Bachelor's,Backend Developer,13.1,Pune,On-site,2456884
48,Male,PhD,Data Scientist,22.8,Gurgaon,Hybrid,4778615
25,Female,Bachelor's,Backend Developer,15.9,Hyderabad,Remote,2886441
18,Female,Master's,UX Designer,7.6,Mumbai,Hybrid,1898369
49,Male,PhD,Data Scientist,0.4,Pune,Hybrid,1323161
59,Female,Bachelor's,QA Engineer,3.8,Chennai,Remote,1153154
20,Male,Master's,Intern,0.7,Chennai,On-site,418136
39,Male,Bachelor's,Business Analyst,2.6,Chennai,On-site,884304
23,Female,Master's,Intern,0.8,Bangalore,Hybrid,593965
48,Male,Bachelor's,Business Analyst,22.0,Pune,Remote,3826203
57,Male,Master's,Product Manager,21.9,Mumbai,On-site,4577661
20,Female,Bachelor's,Intern,0.4,Noida,Hybrid,488973
54,Male,PhD,Frontend Developer,8.2,Gurgaon,On-site,2286697
44,Female,High School,UX Designer,9.4,Gurgaon,Remote,2020388
30,Female,Master's,Full Stack Developer,17.2,Gurgaon,Hybrid,3356114
57,Male,Bachelor's,DevOps Engineer,24.2,Gurgaon,Remote,4329924
22,Male,Bachelor's,Intern,0.9,Noida,On-site,529367
53,Male,Master's,UX Designer,20.2,Chennai,Hybrid,3699848
39,Male,Master's,DevOps Engineer,13.9,Noida,Remote,2769813
56,Female,High School,QA Engineer,8.4,Mumbai,Hybrid,1938392
34,Male,Master's,Business Analyst,10.0,Pune,On-site,2190966
32,Female,PhD,Business Analyst,22.2,Chennai,On-site,4347698
20,Female,Bachelor's,Intern,1.0,Bangalore,Hybrid,341820
45,Male,Master's,UX Designer,12.7,Chennai,Remote,2596348
23,Female,Master's,Marketing Manager,3.0,Bangalore,Remote,1699510
29,Female,Master's,QA Engineer,16.4,Bangalore,Hybrid,3239613
47,Female,Bachelor's,UX Designer,22.9,Pune,Hybrid,3981249
31,Female,Bachelor's,Business Analyst,0.3,Mumbai,Hybrid,632418
42,Female,Bachelor's,Frontend Developer,21.3,Gurgaon,Hybrid,3748507
27,Female,Bachelor's,DevOps Engineer,18.3,Pune,Remote,3204993
46,Male,Bachelor's,UX Designer,23.3,Mumbai,On-site,4162435
54,Female,Bachelor's,Frontend Developer,8.3,Chennai,Remote,1833909
35,Male,Master's,Software Engineer,0.0,Chennai,Hybrid,669482
42,Female,Bachelor's,HR Manager,8.0,Hyderabad,On-site,2195029
20,Male,Master's,Software Engineer,24.8,Pune,Hybrid,4474601
24,Male,Bachelor's,Backend Developer,21.6,Chennai,Remote,3836802
27,Male,Master's,Software Engineer,17.8,Noida,Remote,3438368
20,Male,Bachelor's,Marketing Manager,7.4,Chennai,On-site,1984515
52,Female,Bachelor's,QA Engineer,12.8,Bangalore,On-site,2568963
19,Female,PhD,Intern,0.4,Gurgaon,On-site,496957
23,Female,Bachelor's,Intern,0.5,Gurgaon,On-site,570085
22,Female,Bachelor's,Intern,0.5,Pune,Remote,373634
23,Female,Bachelor's,Software Engineer,7.3,Hyderabad,Hybrid,1545024
45,Male,Master's,Full Stack Developer,18.3,Mumbai,Remote,3575677
35,Male,Bachelor's,Business Analyst,6.1,Mumbai,On-site,1528004
37,Male,Bachelor's,Software Engineer,16.5,Gurgaon,Remote,3096312
53,Female,Bachelor's,Frontend Developer,5.0,Mumbai,On-site,1364276
48,Female,Bachelor's,Marketing Manager,0.3,Hyderabad,Hybrid,948665
47,Male,Bachelor's,UX Designer,3.7,Hyderabad,Hybrid,1074303
31,Female,Master's,HR Manager,3.8,Noida,On-site,1765300
52,Male,Bachelor's,Frontend Developer,0.8,Noida,On-site,671964
54,Male,Bachelor's,Backend Developer,5.2,Bangalore,Hybrid,1331331
34,Female,PhD,Software Engineer,0.2,Gurgaon,Hybrid,1145267
18,Male,Master's,Intern,0.4,Chennai,Remote,306813
47,Male,Master's,Project Manager,1.6,Gurgaon,Remote,1491172
24,Male,Bachelor's,Data Scientist,21.9,Noida,Remote,4122247
43,Male,Master's,UX Designer,7.6,Mumbai,Remote,1980049
23,Female,Master's,Full Stack Developer,4.9,Hyderabad,On-site,1518359
28,Male,Master's,Full Stack Developer,3.1,Gurgaon,On-site,1222649
55,Male,Bachelor's,Product Manager,7.3,Bangalore,Hybrid,2070016
19,Male,Bachelor's,Full Stack Developer,10.9,Bangalore,On-site,2240681
47,Male,Bachelor's,HR Manager,1.6,Gurgaon,Remote,1244971
52,Female,Bachelor's,Backend Developer,4.3,Bangalore,On-site,1253481
32,Male,Master's,Business Analyst,11.8,Noida,Hybrid,2469231
18,Male,Bachelor's,UX Designer,17.1,Bangalore,Remote,3204276
23,Male,PhD,Business Analyst,18.6,Pune,Remote,3823847
53,Male,Master's,Data Scientist,21.5,Bangalore,Remote,4328403
26,Male,Master's,Project Manager,24.9,Pune,Remote,4834033
50,Male,Bachelor's,QA Engineer,21.1,Chennai,Hybrid,3631432
26,Male,Master's,Software Engineer,9.9,Hyderabad,Remote,2272333
43,Female,Bachelor's,Data Scientist,24.4,Noida,Hybrid,4435992
33,Male,Master's,Marketing Manager,7.2,Gurgaon,On-site,2328796
48,Female,Bachelor's,Business Analyst,10.5,Bangalore,Hybrid,2154951
50,Female,Bachelor's,Software Engineer,23.5,Mumbai,Remote,4185490
52,Male,Master's,Marketing Manager,15.1,Chennai,Hybrid,3372688
25,Male,Bachelor's,Project Manager,22.4,Bangalore,On-site,4367230
31,Female,Master's,QA Engineer,16.7,Pune,Hybrid,3219313
55,Male,Bachelor's,Data Scientist,13.3,Pune,Remote,2878167
22,Male,High School,QA Engineer,23.2,Gurgaon,Hybrid,4112966
35,Male,Bachelor's,Frontend Developer,2.9,Hyderabad,Remote,948690
31,Male,Master's,Software Engineer,14.0,Gurgaon,Hybrid,2947219
20,Female,Bachelor's,Full Stack Developer,4.0,Gurgaon,Remote,1157872
33,Female,Bachelor's,Backend Developer,11.8,Pune,Hybrid,2282527
48,Male,Master's,Product Manager,10.8,Gurgaon,On-site,2800169
34,Male,Master's,Project Manager,15.5,Mumbai,Remote,3589903
22,Female,Bachelor's,Intern,0.5,Gurgaon,Hybrid,337555
31,Male,Bachelor's,Frontend Developer,5.1,Chennai,Remote,1357662
25,Female,Bachelor's,UX Designer,12.1,Gurgaon,Hybrid,2376592
30,Female,Bachelor's,Project Manager,7.2,Pune,On-site,2069508
40,Male,Master's,Business Analyst,17.9,Mumbai,Remote,3566969
22,Female,Master's,Intern,0.8,Mumbai,On-site,461995
35,Male,Master's,Data Scientist,16.7,Pune,Remote,3585864
39,Male,High School,Product Manager,21.3,Bangalore,Hybrid,4212434
30,Female,PhD,Project Manager,16.6,Hyderabad,Hybrid,3977749
23,Female,Bachelor's,Intern,0.0,Mumbai,On-site,489239
27,Female,Bachelor's,QA Engineer,24.4,Bangalore,Remote,4307262
48,Female,High School,Backend Developer,18.4,Gurgaon,Hybrid,3313387
47,Female,Bachelor's,Full Stack Developer,2.1,Chennai,Remote,776254
39,Male,Bachelor's,Data Scientist,12.1,Gurgaon,On-site,2700166
20,Male,High School,Full Stack Developer,23.3,Noida,On-site,3996551
53,Male,High School,Marketing Manager,20.3,Noida,Remote,4026730
25,Male,Bachelor's,Software Engineer,14.3,Bangalore,On-site,2746285
50,Male,Master's,Data Scientist,0.6,Mumbai,Hybrid,1262917
31,Male,Bachelor's,Frontend Developer,17.7,Bangalore,Remote,3205055
43,Female,Bachelor's,UX Designer,4.7,Pune,Hybrid,1208568
37,Male,Bachelor's,UX Designer,17.9,Bangalore,On-site,3259538
33,Female,Master's,Product Manager,14.9,Bangalore,Remote,3454165
19,Female,Bachelor's,Intern,0.4,Mumbai,On-site,350396
34,Male,Bachelor's,Frontend Developer,19.7,Gurgaon,Remote,3557106
36,Female,Bachelor's,UX Designer,7.0,Bangalore,On-site,1699499
49,Female,Bachelor's,Product Manager,6.6,Hyderabad,Hybrid,1936124
33,Male,Master's,UX Designer,8.7,Bangalore,Hybrid,2116310
21,Female,Bachelor's,Intern,0.6,Bangalore,Hybrid,402645
53,Female,Master's,Data Scientist,19.6,Gurgaon,Remote,4078487
57,Male,Master's,Backend Developer,3.7,Bangalore,On-site,1333786
18,Male,Bachelor's,Product Manager,5.6,Pune,Remote,1726493
29,Female,Master's,Project Manager,17.7,Pune,On-site,3741324
46,Male,Bachelor's,Business Analyst,14.3,Noida,Hybrid,2608429
51,Female,Bachelor's,Project Manager,11.6,Pune,On-site,2671789
36,Male,PhD,Frontend Developer,0.1,Bangalore,Remote,1118768
23,Female,Master's,UX Designer,18.3,Hyderabad,Hybrid,3427852
45,Male,Bachelor's,UX Designer,5.5,Hyderabad,On-site,1421852
58,Female,Bachelor's,HR Manager,18.8,Hyderabad,Remote,3783789
24,Female,Bachelor's,Full Stack Developer,3.8,Noida,On-site,1058346
19,Female,Master's,Project Manager,19.0,Bangalore,Hybrid,4035951
54,Male,Master's,Product Manager,12.5,Hyderabad,Hybrid,3010131
18,Male,High School,Full Stack Developer,5.6,Pune,On-site,1412571
44,Female,Bachelor's,Data Scientist,11.1,Chennai,Remote,2431951
44,Female,Master's,HR Manager,6.6,Hyderabad,On-site,2069914
20,Female,Master's,Intern,0.8,Bangalore,Hybrid,531422
43,Male,Bachelor's,Data Scientist,11.1,Chennai,On-site,2446002
23,Female,Master's,Software Engineer,15.2,Gurgaon,Hybrid,3097232
45,Male,Bachelor's,Business Analyst,7.2,Hyderabad,Hybrid,1563227
19,Male,Bachelor's,Marketing Manager,22.8,Pune,Hybrid,4270544
27,Female,Master's,Product Manager,1.0,Gurgaon,On-site,1396911
20,Male,Bachelor's,HR Manager,20.6,Gurgaon,Remote,4082064
32,Male,Master's,Frontend Developer,17.7,Bangalore,On-site,3551521
29,Male,Bachelor's,Product Manager,24.4,Mumbai,On-site,4717154
33,Male,Bachelor's,Software Engineer,5.4,Mumbai,Hybrid,1397383
54,Female,Master's,UX Designer,8.0,Hyderabad,On-site,1944079
33,Male,Master's,Frontend Developer,7.6,Pune,Hybrid,1804576
26,Female,Bachelor's,Software Engineer,8.5,Pune,Hybrid,1837131
53,Female,Master's,Project Manager,24.0,Hyderabad,On-site,4784008
21,Female,High School,Project Manager,3.6,Bangalore,Hybrid,1548323
36,Female,Bachelor's,Frontend Developer,4.4,Pune,On-site,1180174
37,Male,Bachelor's,Software Engineer,14.5,Chennai,Remote,2631686
39,Male,Master's,Project Manager,10.0,Gurgaon,Remote,2716192
31,Male,Bachelor's,DevOps Engineer,14.5,Noida,Hybrid,2748199
40,Female,Bachelor's,Frontend Developer,20.0,Mumbai,Remote,3597494
42,Female,Bachelor's,Frontend Developer,2.0,Gurgaon,Hybrid,880594
41,Female,PhD,Backend Developer,7.7,Noida,Hybrid,2128683
28,Female,Bachelor's,Business Analyst,11.8,Hyderabad,Hybrid,2269134
57,Female,Bachelor's,QA Engineer,24.6,Bangalore,On-site,4312483
38,Female,Bachelor's,Software Engineer,13.7,Pune,Hybrid,2607952
34,Female,Master's,QA Engineer,17.8,Gurgaon,On-site,3448410
29,Female,Bachelor's,Marketing Manager,18.8,Chennai,Remote,3790192
51,Male,Bachelor's,DevOps Engineer,18.5,Pune,On-site,3272342
19,Male,Master's,QA Engineer,17.5,Gurgaon,Hybrid,3487558
58,Male,Bachelor's,Project Manager,11.1,Gurgaon,On-site,2682964
47,Female,Bachelor's,Full Stack Developer,17.6,Chennai,On-site,3219288
54,Female,Master's,QA Engineer,4.0,Bangalore,Hybrid,1359650
20,Male,Master's,Intern,0.5,Mumbai,Remote,417595
44,Female,Bachelor's,Software Engineer,16.9,Gurgaon,Hybrid,3223375
18,Female,Master's,Marketing Manager,3.9,Bangalore,Remote,1851010
43,Male,Bachelor's,Frontend Developer,21.0,Bangalore,Remote,3822593
22,Female,Master's,Project Manager,6.5,Gurgaon,Hybrid,2231671
35,Female,Bachelor's,HR Manager,2.0,Noida,Remote,1275172
35,Male,PhD,Project Manager,23.8,Hyderabad,On-site,4989767
53,Female,Bachelor's,Backend Developer,19.9,Bangalore,On-site,3657215
45,Female,Master's,Project Manager,9.1,Pune,Hybrid,2518719
45,Female,Master's,Software Engineer,2.1,Pune,Hybrid,1047288
59,Male,Bachelor's,DevOps Engineer,18.9,Noida,On-site,3395218
21,Female,Bachelor's,Data Scientist,18.3,Mumbai,On-site,3673116
19,Female,Master's,Full Stack Developer,13.8,Bangalore,On-site,2893938
22,Female,High School,Intern,1.0,Gurgaon,Hybrid,560290
47,Male,Bachelor's,Software Engineer,22.4,Bangalore,Hybrid,4012221
25,Male,Master's,Product Manager,2.0,Pune,Hybrid,1456906
18,Male,Master's,Product Manager,0.4,Gurgaon,Remote,1248230
40,Male,Bachelor's,Business Analyst,13.5,Bangalore,Remote,2700640
19,Male,Master's,Intern,0.0,Pune,Hybrid,381280
39,Male,Bachelor's,Product Manager,13.2,Gurgaon,Hybrid,3046550
25,Male,Bachelor's,Full Stack Developer,15.5,Pune,Hybrid,2899093
23,Male,Master's,Marketing Manager,14.7,Bangalore,On-site,3421012
53,Female,Bachelor's,Data Scientist,12.4,Chennai,On-site,2740151
56,Male,Bachelor's,Backend Developer,18.8,Pune,Remote,3319542
20,Male,High School,Frontend Developer,11.3,Bangalore,Hybrid,2382645
47,Male,Bachelor's,QA Engineer,11.2,Chennai,Remote,2132241
18,Female,Master's,Intern,0.6,Bangalore,On-site,513236
25,Male,Bachelor's,HR Manager,0.8,Hyderabad,Remote,987972
31,Female,Master's,Business Analyst,0.3,Noida,Hybrid,787626
41,Female,Master's,Data Scientist,3.7,Pune,Hybrid,1599018
34,Female,Bachelor's,Product Manager,9.5,Pune,Hybrid,2281249
37,Female,Bachelor's,HR Manager,2.8,Noida,On-site,1400005
23,Male,Master's,Intern,0.3,Gurgaon,Hybrid,419912
19,Male,Bachelor's,HR Manager,1.1,Hyderabad,Remote,1146648
24,Male,Bachelor's,Marketing Manager,20.2,Pune,On-site,3895975
27,Male,High School,QA Engineer,5.8,Pune,Hybrid,1436503
44,Female,Bachelor's,QA Engineer,13.9,Chennai,Hybrid,2540598
21,Female,Bachelor's,Product Manager,15.8,Hyderabad,On-site,3262606
59,Female,Bachelor's,Full Stack Developer,9.9,Pune,On-site,1987505
42,Male,Bachelor's,QA Engineer,14.8,Gurgaon,Hybrid,2895018
23,Male,Bachelor's,Marketing Manager,17.5,Gurgaon,Hybrid,3622701
21,Female,Bachelor's,Intern,0.6,Gurgaon,Remote,365143
43,Male,Bachelor's,Business Analyst,13.3,Bangalore,Hybrid,2564119
36,Female,High School,HR Manager,14.9,Bangalore,On-site,3188077
22,Female,Master's,Product Manager,16.0,Noida,On-site,3572345
37,Male,Bachelor's,UX Designer,20.3,Chennai,Hybrid,3612872
39,Female,Master's,HR Manager,15.8,Pune,Remote,3462341
22,Female,Bachelor's,Intern,0.2,Bangalore,On-site,499554
49,Male,Bachelor's,Full Stack Developer,1.0,Mumbai,Hybrid,819008
30,Female,Master's,Product Manager,18.4,Mumbai,On-site,4030197
18,Male,Bachelor's,Intern,0.7,Hyderabad,Hybrid,474388
32,Male,Master's,UX Designer,18.0,Noida,Remote,3466796
19,Female,Bachelor's,Software Engineer,19.9,Hyderabad,Remote,3499494
54,Female,High School,Backend Developer,2.0,Hyderabad,On-site,798339
47,Female,Bachelor's,Product Manager,16.8,Hyderabad,On-site,3433321
24,Male,High School,Backend Developer,0.8,Gurgaon,Hybrid,770014
22,Male,Bachelor's,DevOps Engineer,17.0,Bangalore,Remote,3124155
51,Male,Bachelor's,Marketing Manager,24.5,Noida,Remote,4653369
22,Female,Bachelor's,Intern,0.9,Pune,Remote,547292
29,Male,Master's,Full Stack Developer,6.0,Mumbai,On-site,1762247
18,Male,Bachelor's,Business Analyst,4.5,Pune,Remote,1223430
25,Female,Bachelor's,Data Scientist,6.8,Hyderabad,On-site,1890275
24,Male,Bachelor's,HR Manager,16.5,Hyderabad,On-site,3458661
29,Female,Bachelor's,Full Stack Developer,24.3,Hyderabad,On-site,4165706
21,Male,Bachelor's,Intern,0.5,Noida,Hybrid,336157
50,Male,Master's,Business Analyst,12.9,Noida,Remote,2696100
22,Male,Bachelor's,Project Manager,6.3,Bangalore,Hybrid,2037246
45,Female,High School,Marketing Manager,21.9,Hyderabad,Hybrid,4275520
55,Female,High School,Full Stack Developer,9.4,Pune,Remote,1997097
42,Female,Master's,HR Manager,23.6,Gurgaon,Remote,4770395
30,Male,Bachelor's,Product Manager,10.2,Gurgaon,On-site,2531870
44,Female,Bachelor's,Full Stack Developer,17.7,Pune,Hybrid,3123051
59,Male,Bachelor's,Project Manager,23.0,Bangalore,Hybrid,4514149
58,Female,Master's,HR Manager,22.0,Bangalore,Remote,4597273
53,Female,Bachelor's,Frontend Developer,1.2,Chennai,Hybrid,746996
39,Female,Bachelor's,Full Stack Developer,21.1,Bangalore,Hybrid,3763266
32,Male,Master's,QA Engineer,14.8,Pune,Hybrid,2886445
50,Male,Bachelor's,UX Designer,22.5,Bangalore,Remote,3941667
30,Female,PhD,Data Scientist,24.7,Noida,Remote,5092956
35,Male,Bachelor's,HR Manager,14.3,Hyderabad,Hybrid,3049207
34,Female,Bachelor's,Project Manager,16.0,Gurgaon,Remote,3355197
45,Female,Master's,Business Analyst,10.4,Bangalore,On-site,2326711
27,Female,Master's,DevOps Engineer,9.7,Hyderabad,On-site,2231282
55,Male,Master's,DevOps Engineer,18.7,Hyderabad,Hybrid,3585431
37,Male,Master's,DevOps Engineer,9.7,Chennai,Remote,2116442
54,Female,Master's,Backend Developer,3.9,Gurgaon,On-site,1371656
55,Male,Bachelor's,DevOps Engineer,10.6,Noida,On-site,2073347
23,Female,Bachelor's,UX Designer,14.6,Pune,Remote,2695996
59,Female,Master's,Frontend Developer,24.5,Bangalore,Hybrid,4551018
43,Female,Master's,Business Analyst,20.5,Gurgaon,Hybrid,3905705
54,Female,Bachelor's,Backend Developer,9.6,Bangalore,On-site,2086495
49,Female,Bachelor's,Software Engineer,22.8,Chennai,Hybrid,3870534
50,Male,Master's,Full Stack Developer,7.6,Noida,Remote,1826686
47,Female,Bachelor's,Backend Developer,4.1,Pune,On-site,1133774
30,Male,Bachelor's,Product Manager,23.7,Bangalore,Hybrid,4578411
50,Female,PhD,Software Engineer,3.7,Pune,Hybrid,1531688
52,Male,Bachelor's,Product Manager,19.0,Mumbai,Remote,3836244
50,Male,Bachelor's,Product Manager,10.9,Bangalore,Hybrid,2696024
36,Female,Master's,Data Scientist,10.3,Chennai,Remote,2554782
19,Male,Master's,Business Analyst,12.0,Gurgaon,Hybrid,2621906
42,Female,High School,Marketing Manager,22.7,Chennai,On-site,4337645
54,Male,Master's,Software Engineer,10.7,Hyderabad,Remote,2285464
50,Female,Master's,QA Engineer,1.6,Noida,Hybrid,1028210
53,Female,Bachelor's,Data Scientist,19.4,Gurgaon,Hybrid,3904350
59,Female,Master's,UX Designer,12.0,Gurgaon,On-site,2610555
45,Male,Bachelor's,Data Scientist,17.7,Chennai,On-site,3513741
59,Female,Bachelor's,HR Manager,8.7,Hyderabad,On-site,2184891
22,Male,Bachelor's,Data Scientist,23.3,Mumbai,Hybrid,4438663
24,Female,Bachelor's,Product Manager,5.0,Bangalore,On-site,1739763
37,Male,Master's,UX Designer,13.4,Hyderabad,On-site,2712623
22,Female,Bachelor's,Project Manager,22.5,Chennai,Hybrid,4240911
34,Male,PhD,Product Manager,4.5,Pune,On-site,2077931
24,Female,PhD,Frontend Developer,8.7,Mumbai,Hybrid,2398898
48,Female,Bachelor's,HR Manager,19.3,Hyderabad,Remote,3846313
50,Male,Bachelor's,Business Analyst,9.3,Bangalore,Hybrid,2002065
32,Male,Bachelor's,UX Designer,11.6,Chennai,On-site,2205767
24,Male,PhD,Software Engineer,4.4,Gurgaon,Hybrid,1752969
58,Female,High School,QA Engineer,18.8,Gurgaon,On-site,3417759
43,Male,Master's,Frontend Developer,19.0,Hyderabad,Hybrid,3535988
40,Male,Master's,Business Analyst,24.1,Mumbai,Remote,4393958
23,Male,High School,UX Designer,2.3,Noida,Remote,805283
36,Female,Master's,DevOps Engineer,8.1,Chennai,Hybrid,1961178
18,Female,Master's,Marketing Manager,19.8,Noida,Hybrid,4092640
18,Male,Bachelor's,Full Stack Developer,1.2,Chennai,Hybrid,745329
58,Female,PhD,Backend Developer,1.6,Noida,Hybrid,1262112
49,Male,PhD,UX Designer,24.7,Gurgaon,Hybrid,4782374
25,Female,Bachelor's,Software Engineer,1.5,Bangalore,Hybrid,788218
34,Female,Master's,QA Engineer,19.1,Noida,Remote,3527649
22,Female,Bachelor's,Project Manager,9.0,Chennai,Remote,2336729
41,Female,High School,HR Manager,2.3,Gurgaon,Hybrid,1408108
50,Female,Master's,UX Designer,16.1,Gurgaon,Remote,3197694
47,Female,Bachelor's,Backend Developer,15.1,Bangalore,Hybrid,2939133
54,Male,Bachelor's,Data Scientist,11.2,Noida,Hybrid,2519216
50,Female,Bachelor's,Business Analyst,5.3,Mumbai,Remote,1379391
30,Male,Master's,Full Stack Developer,6.8,Mumbai,On-site,1857897
25,Female,High School,QA Engineer,1.0,Mumbai,Remote,801746
38,Female,High School,Business Analyst,20.7,Mumbai,Remote,3719825
59,Male,Master's,Product Manager,22.2,Bangalore,Hybrid,4540506
23,Female,Master's,Project Manager,9.4,Hyderabad,Hybrid,2513999
34,Male,Bachelor's,Backend Developer,24.5,Mumbai,On-site,4369685
23,Female,High School,Intern,0.4,Gurgaon,Hybrid,566007
53,Male,Bachelor's,Software Engineer,18.5,Noida,Hybrid,3350768
39,Male,Bachelor's,Product Manager,17.4,Noida,Remote,3476398
33,Male,Master's,Software Engineer,21.5,Pune,On-site,3982659
37,Female,Master's,Project Manager,18.7,Noida,On-site,3926963
24,Male,PhD,HR Manager,17.2,Hyderabad,Hybrid,4029251
50,Male,Master's,Project Manager,15.6,Pune,On-site,3414091
46,Male,Master's,Business Analyst,4.9,Hyderabad,Remote,1516458
56,Female,Master's,Frontend Developer,22.5,Gurgaon,Remote,4219904
38,Male,High School,Product Manager,6.6,Mumbai,Hybrid,2082952
29,Male,Bachelor's,Marketing Manager,14.6,Gurgaon,Hybrid,3254629
32,Male,Master's,DevOps Engineer,0.5,Noida,On-site,775771
23,Male,Bachelor's,Product Manager,21.6,Pune,Hybrid,4235723
34,Male,Bachelor's,Frontend Developer,9.3,Pune,Hybrid,1930204
45,Male,Bachelor's,DevOps Engineer,3.7,Mumbai,Remote,1135184
21,Male,Master's,Project Manager,12.4,Pune,Hybrid,2947626
23,Male,Bachelor's,Data Scientist,4.0,Hyderabad,On-site,1438070
59,Female,Bachelor's,Marketing Manager,12.5,Hyderabad,Hybrid,2779225
41,Female,Bachelor's,Software Engineer,5.4,Mumbai,Remote,1376532
28,Male,Bachelor's,Product Manager,24.6,Mumbai,Hybrid,4726868
54,Female,Master's,UX Designer,1.6,Mumbai,Hybrid,1044571
46,Male,Bachelor's,DevOps Engineer,8.9,Bangalore,Hybrid,2001841
49,Male,Bachelor's,Software Engineer,3.9,Hyderabad,Remote,1104296
39,Female,Bachelor's,Data Scientist,9.3,Pune,Remote,2245516
52,Female,Bachelor's,Data Scientist,4.5,Hyderabad,Hybrid,1543713
33,Male,Bachelor's,Frontend Developer,13.4,Mumbai,On-site,2566358
22,Male,Master's,Intern,0.3,Gurgaon,Hybrid,550279
23,Male,Master's,Marketing Manager,21.0,Gurgaon,Remote,4429994
21,Male,Bachelor's,Business Analyst,7.2,Hyderabad,Remote,1535607
27,Male,Bachelor's,DevOps Engineer,3.2,Gurgaon,On-site,1033930
39,Female,Bachelor's,DevOps Engineer,19.6,Noida,Remote,3539099
53,Male,Bachelor's,QA Engineer,24.0,Mumbai,On-site,4162888
20,Female,Bachelor's,HR Manager,3.6,Bangalore,On-site,1576339
32,Male,Bachelor's,QA Engineer,23.0,Mumbai,Hybrid,4078579
58,Male,Bachelor's,Project Manager,14.2,Bangalore,Hybrid,3122784
54,Male,Bachelor's,HR Manager,23.6,Gurgaon,Remote,4539501
22,Male,Bachelor's,DevOps Engineer,12.2,Chennai,Hybrid,2394617
34,Female,Bachelor's,Project Manager,20.5,Mumbai,Hybrid,4157808
29,Female,Bachelor's,QA Engineer,4.0,Chennai,Hybrid,1123328
28,Male,Bachelor's,Project Manager,15.8,Noida,Remote,3290081
57,Male,PhD,Business Analyst,6.2,Hyderabad,On-site,2028873
31,Male,Bachelor's,HR Manager,20.4,Noida,On-site,3980105
33,Female,Master's,Software Engineer,5.6,Chennai,Remote,1630624
44,Male,Master's,Marketing Manager,12.7,Mumbai,Remote,3186096
39,Male,Master's,Software Engineer,24.2,Chennai,Remote,4368403
48,Female,Master's,UX Designer,0.9,Gurgaon,Remote,964782
49,Male,Master's,Marketing Manager,18.6,Gurgaon,Remote,4006792
18,Female,Bachelor's,Software Engineer,2.5,Noida,On-site,945818
19,Male,Bachelor's,Marketing Manager,5.3,Noida,Hybrid,1703656
21,Female,Bachelor's,Intern,0.1,Gurgaon,On-site,328298
54,Male,Bachelor's,Backend Developer,24.5,Hyderabad,Hybrid,4183224
36,Female,Bachelor's,HR Manager,12.7,Gurgaon,Remote,2964207
22,Male,Bachelor's,Software Engineer,21.5,Bangalore,Remote,3848240
25,Female,Bachelor's,UX Designer,6.3,Pune,Remote,1458956
23,Female,Master's,Intern,0.6,Chennai,Remote,579893
28,Female,Bachelor's,Data Scientist,2.1,Bangalore,Remote,1311274
35,Female,Bachelor's,Business Analyst,19.4,Pune,On-site,3475470
54,Male,Bachelor's,Full Stack Developer,6.7,Mumbai,On-site,1582635
19,Female,PhD,HR Manager,13.6,Mumbai,Hybrid,3580294
39,Male,Master's,Frontend Developer,24.9,Bangalore,Remote,4570061
25,Female,Bachelor's,Software Engineer,13.1,Bangalore,On-site,2540894
38,Female,Bachelor's,UX Designer,19.3,Gurgaon,Remote,3479224
50,Female,Bachelor's,HR Manager,8.7,Noida,Hybrid,2155435
19,Female,Bachelor's,Software Engineer,7.5,Chennai,Hybrid,1669412
35,Male,Master's,QA Engineer,2.6,Gurgaon,Remote,1167594
40,Male,Bachelor's,HR Manager,4.1,Hyderabad,On-site,1489702
41,Male,Master's,DevOps Engineer,19.2,Chennai,Remote,3535353
42,Male,Bachelor's,Project Manager,20.1,Hyderabad,Hybrid,3981564
38,Female,PhD,UX Designer,6.6,Mumbai,On-site,2127069
22,Male,Bachelor's,HR Manager,13.9,Mumbai,Remote,3115228
53,Male,Bachelor's,DevOps Engineer,13.2,Gurgaon,On-site,2633089
59,Female,Master's,Full Stack Developer,16.4,Mumbai,On-site,3226674
37,Female,PhD,UX Designer,4.8,Hyderabad,On-site,1756304
49,Female,Bachelor's,Backend Developer,24.1,Pune,Hybrid,4181396
42,Male,Bachelor's,UX Designer,13.7,Mumbai,Remote,2641368
42,Female,Bachelor's,Backend Developer,4.9,Pune,Remote,1242146
54,Male,Bachelor's,Project Manager,7.6,Chennai,On-site,2027426
39,Male,Bachelor's,Full Stack Developer,2.0,Bangalore,On-site,918697
35,Male,Master's,HR Manager,10.7,Gurgaon,Remote,2889568
32,Male,Master's,Product Manager,17.6,Gurgaon,Remote,3936691
58,Female,Bachelor's,QA Engineer,2.6,Bangalore,Hybrid,948368
56,Female,Bachelor's,Software Engineer,15.1,Pune,Remote,2845418
35,Male,Master's,DevOps Engineer,13.4,Mumbai,Hybrid,2801285
41,Male,Bachelor's,Product Manager,5.4,Hyderabad,Remote,1803598
20,Female,Master's,Intern,0.5,Chennai,On-site,460223
21,Male,Bachelor's,Business Analyst,1.2,Mumbai,Hybrid,878439
26,Male,Bachelor's,DevOps Engineer,11.4,Bangalore,On-site,2397378
47,Male,Master's,Software Engineer,24.1,Bangalore,Remote,4410302
27,Female,PhD,Product Manager,3.9,Chennai,Hybrid,2007369
39,Male,Bachelor's,Product Manager,9.5,Mumbai,Remote,2402183
35,Male,Bachelor's,UX Designer,16.0,Noida,Hybrid,2909281
22,Male,Bachelor's,Data Scientist,19.5,Noida,On-site,3730865
20,Female,Bachelor's,UX Designer,15.6,Chennai,On-site,2802140
38,Male,Bachelor's,Marketing Manager,3.9,Pune,Remote,1457550
26,Male,Bachelor's,Software Engineer,20.8,Mumbai,On-site,3720068
39,Female,Bachelor's,Project Manager,9.1,Gurgaon,On-site,2348618
26,Male,Master's,Backend Developer,0.7,Hyderabad,On-site,851860
42,Male,Bachelor's,HR Manager,7.2,Noida,Hybrid,2046986
56,Female,Master's,HR Manager,5.5,Mumbai,On-site,2056283
22,Male,Bachelor's,Marketing Manager,20.0,Bangalore,On-site,3960544
36,Female,Bachelor's,UX Designer,16.5,Hyderabad,On-site,2957340
25,Female,PhD,Data Scientist,17.5,Pune,On-site,3956003
53,Female,Master's,Backend Developer,10.4,Gurgaon,Hybrid,2351182
23,Female,Bachelor's,Software Engineer,8.8,Mumbai,On-site,1922289
50,Male,Bachelor's,UX Designer,21.8,Gurgaon,On-site,3835141
18,Male,Bachelor's,Intern,0.9,Chennai,Remote,424094
56,Female,Bachelor's,Business Analyst,22.3,Chennai,Remote,3854839
25,Male,Bachelor's,HR Manager,5.1,Chennai,Hybrid,1750808
24,Male,Master's,QA Engineer,5.9,Pune,Remote,1573926
44,Male,High School,Full Stack Developer,10.4,Hyderabad,Hybrid,2105968
28,Male,Master's,Frontend Developer,24.8,Chennai,Hybrid,4490875
26,Male,Bachelor's,Software Engineer,6.6,Bangalore,On-site,1674232
36,Female,Bachelor's,Data Scientist,13.7,Pune,On-site,2951033
53,Male,Bachelor's,HR Manager,21.2,Chennai,Remote,4152443
22,Male,Bachelor's,Intern,0.3,Chennai,Hybrid,373294
55,Male,Master's,DevOps Engineer,15.9,Noida,On-site,3035911
55,Female,Bachelor's,Product Manager,0.8,Pune,Remote,1088341
43,Male,Master's,Software Engineer,13.7,Bangalore,Hybrid,2923570
20,Male,PhD,Intern,0.4,Pune,Remote,395517
43,Male,Master's,Business Analyst,12.7,Hyderabad,On-site,2670287
48,Female,Bachelor's,Business Analyst,23.1,Pune,Remote,3999160
18,Male,Bachelor's,Full Stack Developer,22.6,Mumbai,On-site,3946998
58,Female,Bachelor's,UX Designer,15.7,Bangalore,On-site,2928070
40,Female,Master's,DevOps Engineer,11.4,Pune,Remote,2455019
58,Male,Bachelor's,Full Stack Developer,13.6,Chennai,Remote,2567240
40,Female,Bachelor's,HR Manager,9.1,Noida,Remote,2312915
49,Female,Bachelor's,Full Stack Developer,1.7,Chennai,Remote,839344
26,Male,Bachelor's,HR Manager,17.3,Bangalore,On-site,3683753
44,Female,Master's,Backend Developer,21.4,Pune,On-site,3930458
39,Female,Master's,Marketing Manager,9.3,Mumbai,Hybrid,2677445
48,Male,Bachelor's,Frontend Developer,17.7,Pune,On-site,3172893
45,Female,Bachelor's,HR Manager,22.5,Pune,Remote,4231444
34,Female,Bachelor's,Software Engineer,14.3,Pune,Hybrid,2647313
22,Male,Bachelor's,UX Designer,5.7,Pune,Remote,1446072
46,Female,Master's,Business Analyst,0.7,Pune,Remote,848522
51,Male,Bachelor's,UX Designer,9.3,Chennai,Hybrid,1991350
55,Female,Master's,Product Manager,14.4,Mumbai,Remote,3337775
44,Female,Master's,Full Stack Developer,18.2,Noida,Remote,3436044
46,Female,Master's,HR Manager,24.7,Pune,On-site,4795207
44,Female,Master's,QA Engineer,6.7,Noida,Hybrid,1735742
19,Male,Master's,DevOps Engineer,5.4,Gurgaon,Remote,1580172
19,Female,Bachelor's,Intern,0.6,Pune,On-site,445159
18,Female,PhD,Intern,0.3,Bangalore,On-site,359569
35,Male,Bachelor's,HR Manager,17.3,Chennai,Remote,3462756
24,Male,Bachelor's,Software Engineer,15.3,Pune,Hybrid,2752451
22,Male,Bachelor's,Frontend Developer,18.6,Hyderabad,Remote,3288631
23,Male,High School,Intern,0.7,Mumbai,Hybrid,352365
45,Male,High School,UX Designer,4.6,Bangalore,On-site,1244793
46,Male,Master's,Product Manager,9.8,Chennai,Hybrid,2625959
55,Female,PhD,Project Manager,3.6,Gurgaon,Remote,2105118
49,Male,Bachelor's,Backend Developer,23.1,Noida,Remote,3986656
24,Male,Master's,Business Analyst,21.0,Gurgaon,On-site,4032376
24,Female,Bachelor's,Backend Developer,24.3,Hyderabad,On-site,4161195
53,Female,Bachelor's,Business Analyst,20.6,Hyderabad,Remote,3643650
52,Male,PhD,Product Manager,13.9,Mumbai,Remote,3610097
27,Male,Master's,UX Designer,14.4,Mumbai,On-site,3035711
42,Male,Master's,Software Engineer,10.9,Chennai,On-site,2356716
46,Male,Bachelor's,Marketing Manager,1.3,Mumbai,Hybrid,1229113
23,Male,Bachelor's,Marketing Manager,3.4,Mumbai,Remote,1480190
43,Female,Bachelor's,HR Manager,13.2,Bangalore,Hybrid,2995562
23,Female,Bachelor's,UX Designer,22.3,Pune,Hybrid,3919139
57,Male,Master's,Marketing Manager,18.0,Hyderabad,On-site,3859756
25,Male,Bachelor's,Data Scientist,14.0,Pune,Remote,2858500
26,Male,Bachelor's,Project Manager,10.7,Bangalore,Remote,2584010
46,Male,Bachelor's,Product Manager,0.6,Bangalore,On-site,1180548
41,Male,Bachelor's,QA Engineer,15.8,Bangalore,On-site,2945382
41,Male,Bachelor's,QA Engineer,17.7,Mumbai,Hybrid,3274638
58,Male,Master's,DevOps Engineer,18.9,Pune,Hybrid,3557662
52,Female,Bachelor's,Business Analyst,1.3,Noida,Hybrid,698308
34,Female,Bachelor's,QA Engineer,24.4,Noida,Remote,4185740
21,Male,Bachelor's,Product Manager,0.9,Mumbai,Remote,1149777
49,Female,Bachelor's,UX Designer,25.0,Bangalore,Hybrid,4370463
34,Female,Bachelor's,Frontend Developer,0.9,Gurgaon,Remote,786328
24,Female,Master's,Marketing Manager,17.8,Pune,Remote,3779651
45,Male,Master's,Backend Developer,21.1,Bangalore,On-site,3935264
47,Male,Bachelor's,Product Manager,1.0,Gurgaon,Remote,1223466
45,Male,Bachelor's,Project Manager,24.3,Chennai,Remote,4532925
42,Male,Master's,Backend Developer,19.3,Mumbai,Hybrid,3764255
58,Female,Bachelor's,HR Manager,23.0,Noida,Hybrid,4398102
18,Male,Bachelor's,Backend Developer,3.6,Chennai,Hybrid,1107169
20,Female,Bachelor's,Backend Developer,5.9,Chennai,On-site,1428594
55,Female,Master's,HR Manager,11.4,Noida,Hybrid,2827753
33,Female,PhD,UX Designer,13.0,Gurgaon,Hybrid,3112016
19,Female,Bachelor's,Intern,0.0,Pune,On-site,478440
47,Male,PhD,Full Stack Developer,11.6,Noida,Remote,2785731
51,Male,Bachelor's,DevOps Engineer,11.3,Noida,On-site,2268737
18,Female,Bachelor's,Backend Developer,15.4,Mumbai,Hybrid,2959601
30,Male,Bachelor's,Data Scientist,6.4,Mumbai,On-site,1946278
46,Male,Bachelor's,Full Stack Developer,16.2,Hyderabad,On-site,2954058
26,Male,Bachelor's,QA Engineer,12.6,Mumbai,Hybrid,2484501
50,Male,Bachelor's,UX Designer,21.3,Bangalore,On-site,3751480
24,Male,Master's,Data Scientist,19.4,Chennai,On-site,3935096
52,Male,Bachelor's,Business Analyst,11.5,Pune,Remote,2232905
33,Male,Master's,Software Engineer,19.3,Mumbai,On-site,3777010
38,Male,PhD,Marketing Manager,5.0,Noida,On-site,2237063
28,Female,Master's,UX Designer,2.1,Mumbai,On-site,1124274
32,Male,Bachelor's,DevOps Engineer,23.8,Hyderabad,Hybrid,4051853
53,Male,Master's,Frontend Developer,22.8,Hyderabad,Remote,4132009
18,Female,Bachelor's,DevOps Engineer,11.2,Pune,On-site,2273429
25,Female,Master's,DevOps Engineer,12.2,Pune,On-site,2629905
31,Female,Bachelor's,Project Manager,17.7,Bangalore,Hybrid,3719786
22,Female,Master's,Backend Developer,15.8,Pune,Remote,3100406
41,Female,Master's,Frontend Developer,15.7,Mumbai,Remote,3132589
43,Male,Bachelor's,Project Manager,10.4,Chennai,Remote,2472623
41,Male,Bachelor's,Marketing Manager,22.7,Pune,Remote,4329556
56,Male,Master's,Data Scientist,7.8,Bangalore,Hybrid,2334506
47,Male,PhD,Frontend Developer,8.3,Hyderabad,On-site,2201925
51,Male,Bachelor's,Software Engineer,14.7,Hyderabad,On-site,2763221
23,Male,Master's,Intern,1.0,Bangalore,Hybrid,592738
18,Female,Bachelor's,Intern,0.5,Noida,On-site,400786
53,Female,High School,UX Designer,18.0,Chennai,Hybrid,3222792
26,Female,Master's,Data Scientist,13.4,Chennai,Hybrid,2967145
31,Male,Bachelor's,Data Scientist,7.7,Hyderabad,Remote,2001551
25,Female,Master's,Data Scientist,11.7,Bangalore,On-site,2882749
31,Male,Master's,Backend Developer,24.4,Bangalore,Remote,4508011
19,Female,Bachelor's,Full Stack Developer,11.0,Chennai,Hybrid,2134249
30,Female,Bachelor's,UX Designer,9.0,Chennai,Hybrid,1897727
21,Female,Master's,Intern,0.5,Chennai,Remote,532058
22,Male,Bachelor's,Intern,0.4,Chennai,Hybrid,554896
45,Male,High School,Project Manager,10.7,Mumbai,Remote,2652187
34,Female,Bachelor's,Product Manager,15.2,Mumbai,Hybrid,3372876
36,Male,Master's,Frontend Developer,19.6,Bangalore,Remote,3765802
20,Female,Master's,UX Designer,10.7,Hyderabad,On-site,2383286
23,Female,Master's,Intern,0.5,Pune,On-site,331525
27,Male,PhD,UX Designer,2.6,Chennai,On-site,1380549
50,Female,Bachelor's,Frontend Developer,11.1,Pune,On-site,2236244
52,Male,Bachelor's,DevOps Engineer,2.5,Chennai,On-site,866216
20,Male,Bachelor's,Intern,0.1,Gurgaon,On-site,317754
36,Female,Bachelor's,DevOps Engineer,17.8,Gurgaon,Hybrid,3354209
45,Female,Bachelor's,UX Designer,18.5,Mumbai,Hybrid,3381993
21,Female,Bachelor's,Data Scientist,0.5,Noida,On-site,917289
32,Female,Bachelor's,Project Manager,14.2,Mumbai,On-site,3196035
26,Female,Master's,Project Manager,1.2,Pune,Hybrid,1302806
44,Male,Bachelor's,Software Engineer,19.3,Hyderabad,Remote,3348408
56,Male,Master's,HR Manager,0.4,Pune,Hybrid,1116773
31,Male,Master's,Data Scientist,17.8,Gurgaon,On-site,3793023
59,Female,Bachelor's,Product Manager,16.8,Pune,Remote,3417643
34,Male,Master's,Business Analyst,8.1,Mumbai,On-site,2057336
30,Female,Bachelor's,Product Manager,17.0,Pune,Remote,3488601
44,Female,Master's,Project Manager,19.0,Hyderabad,On-site,3919098
49,Male,PhD,UX Designer,8.3,Bangalore,Hybrid,2428325
30,Female,Master's,UX Designer,11.3,Gurgaon,Hybrid,2479028
26,Female,High School,QA Engineer,3.6,Hyderabad,Hybrid,997610
22,Male,Master's,Backend Developer,6.0,Pune,Remote,1582341
58,Male,Bachelor's,Project Manager,24.7,Pune,On-site,4628114
41,Male,Bachelor's,DevOps Engineer,13.1,Chennai,On-site,2491671
36,Female,PhD,Data Scientist,7.8,Bangalore,Hybrid,2645858
56,Female,Bachelor's,DevOps Engineer,1.1,Bangalore,Remote,738367
24,Male,PhD,Product Manager,11.4,Chennai,On-site,3077130
46,Male,PhD,Backend Developer,8.9,Noida,On-site,2413080
51,Female,Bachelor's,Frontend Developer,3.3,Hyderabad,Hybrid,977293
44,Female,Bachelor's,Frontend Developer,7.2,Hyderabad,On-site,1621353
29,Male,Bachelor's,Project Manager,21.1,Mumbai,Hybrid,4206748
28,Female,Master's,DevOps Engineer,20.7,Mumbai,Hybrid,3925085
45,Male,Bachelor's,QA Engineer,13.3,Gurgaon,Remote,2623119
47,Female,Master's,UX Designer,19.5,Chennai,Hybrid,3618508
32,Female,Bachelor's,Frontend Developer,1.1,Noida,On-site,722823
39,Female,Master's,Business Analyst,5.8,Gurgaon,Hybrid,1672528
33,Female,Bachelor's,HR Manager,24.8,Gurgaon,Remote,4728934
30,Female,Bachelor's,UX Designer,2.5,Gurgaon,Remote,993664
23,Male,Bachelor's,Intern,0.0,Mumbai,On-site,409689
36,Male,Master's,HR Manager,11.6,Bangalore,On-site,2944636
26,Male,Bachelor's,Product Manager,3.9,Pune,On-site,1481662
34,Male,Master's,HR Manager,15.7,Bangalore,On-site,3595230
20,Female,Master's,Intern,0.3,Chennai,Hybrid,310302
29,Male,Bachelor's,Software Engineer,3.2,Bangalore,On-site,1042611
18,Male,Bachelor's,QA Engineer,6.0,Noida,Remote,1499662
58,Male,Bachelor's,Data Scientist,6.6,Gurgaon,Hybrid,1855225
34,Male,Bachelor's,DevOps Engineer,3.3,Bangalore,Remote,1190179
24,Female,Bachelor's,Product Manager,8.5,Noida,Remote,2238810
37,Male,PhD,Frontend Developer,14.0,Bangalore,Remote,3212787
23,Female,Bachelor's,Full Stack Developer,4.0,Noida,On-site,1175513
51,Female,High School,DevOps Engineer,3.8,Pune,On-site,1073766
55,Female,Bachelor's,QA Engineer,1.8,Pune,Hybrid,772777
52,Male,Master's,QA Engineer,0.4,Chennai,Hybrid,731291
44,Female,Bachelor's,DevOps Engineer,21.9,Hyderabad,On-site,3837185
20,Female,High School,Intern,0.4,Bangalore,Hybrid,360155
57,Male,Master's,Product Manager,22.8,Mumbai,Remote,4676741
35,Female,Bachelor's,Marketing Manager,12.0,Mumbai,Remote,2898337
29,Female,Bachelor's,Frontend Developer,2.1,Hyderabad,Remote,832034
41,Female,Bachelor's,UX Designer,8.8,Gurgaon,Hybrid,1937825
53,Female,Master's,Full Stack Developer,19.1,Gurgaon,On-site,3751311
59,Female,Bachelor's,Full Stack Developer,16.1,Mumbai,On-site,3053179
29,Female,Bachelor's,QA Engineer,6.0,Bangalore,On-site,1513665
59,Female,Master's,QA Engineer,11.8,Hyderabad,Hybrid,2449721
32,Male,Bachelor's,QA Engineer,13.3,Gurgaon,Hybrid,2594770
20,Female,Bachelor's,Intern,0.7,Chennai,Hybrid,576560
32,Male,Bachelor's,Marketing Manager,8.0,Noida,Remote,2124845
51,Female,Master's,Product Manager,21.9,Pune,On-site,4399162
31,Male,Master's,Product Manager,19.7,Hyderabad,Hybrid,4039614
50,Male,Master's,Project Manager,4.5,Hyderabad,Hybrid,1789168
38,Male,Bachelor's,Project Manager,5.4,Chennai,Hybrid,1752487
44,Female,Bachelor's,UX Designer,12.1,Mumbai,Remote,2470015
31,Female,Bachelor's,Product Manager,19.4,Mumbai,Remote,4000415
37,Male,Bachelor's,Full Stack Developer,23.1,Mumbai,Remote,4022507
57,Female,PhD,Data Scientist,7.3,Gurgaon,On-site,2563270
56,Female,Bachelor's,Business Analyst,22.5,Pune,Hybrid,3967670
34,Male,Bachelor's,UX Designer,17.7,Pune,On-site,3195400
24,Female,Master's,Marketing Manager,11.7,Mumbai,On-site,3039371
37,Female,Bachelor's,HR Manager,14.2,Mumbai,On-site,3121448
56,Female,Master's,Business Analyst,15.2,Bangalore,On-site,3073311
39,Female,Bachelor's,Backend Developer,6.6,Hyderabad,Remote,1573204
40,Female,Bachelor's,Full Stack Developer,16.1,Noida,Hybrid,2898401
27,Male,Master's,Product Manager,19.4,Hyderabad,On-site,3989296
33,Male,Bachelor's,Software Engineer,4.3,Gurgaon,On-site,1298357
30,Male,PhD,Full Stack Developer,20.5,Hyderabad,Remote,4130892
57,Male,Master's,HR Manager,21.9,Hyderabad,On-site,4361089
26,Female,Master's,UX Designer,16.7,Gurgaon,On-site,3311339
22,Female,Bachelor's,Product Manager,8.5,Pune,On-site,2225747
43,Male,Bachelor's,Project Manager,16.0,Noida,On-site,3360505
38,Male,Bachelor's,Business Analyst,0.8,Chennai,Hybrid,659989
54,Male,High School,Frontend Developer,19.4,Noida,Hybrid,3480667
56,Male,Bachelor's,Frontend Developer,1.0,Gurgaon,On-site,845114
26,Male,Bachelor's,Business Analyst,3.5,Noida,On-site,1011654
20,Female,Bachelor's,Data Scientist,22.0,Chennai,Remote,4062183
41,Female,Bachelor's,Marketing Manager,21.6,Hyderabad,Remote,4231183
24,Female,Bachelor's,Marketing Manager,3.6,Chennai,Hybrid,1400145
24,Female,Master's,Business Analyst,0.3,Bangalore,Remote,926429
27,Male,Master's,HR Manager,8.1,Gurgaon,On-site,2499871
23,Male,Master's,Marketing Manager,17.7,Noida,Hybrid,3785142
58,Male,Master's,DevOps Engineer,11.2,Chennai,Hybrid,2390056
26,Male,PhD,Data Scientist,3.9,Noida,On-site,1957423
54,Male,Bachelor's,Project Manager,11.5,Mumbai,Remote,2710859
49,Male,Master's,Product Manager,20.2,Chennai,On-site,4167729
57,Female,Bachelor's,Software Engineer,15.0,Hyderabad,On-site,2837815
59,Female,Bachelor's,Full Stack Developer,9.3,Bangalore,On-site,2053518
23,Female,Bachelor's,Frontend Developer,12.9,Bangalore,On-site,2503941
25,Male,Bachelor's,Marketing Manager,12.8,Gurgaon,Remote,3007296
35,Male,Bachelor's,Data Scientist,15.4,Pune,Remote,3151014
19,Female,Master's,Intern,0.8,Gurgaon,On-site,599467
25,Male,Master's,QA Engineer,8.8,Chennai,On-site,2108481
58,Male,Master's,Business Analyst,0.3,Chennai,On-site,833155
57,Female,High School,HR Manager,5.7,Bangalore,Remote,1864001
20,Male,Master's,Project Manager,19.7,Noida,On-site,4097710
51,Female,PhD,HR Manager,8.7,Mumbai,On-site,2871247
23,Male,Bachelor's,DevOps Engineer,7.7,Hyderabad,On-site,1737454
22,Female,Master's,HR Manager,3.6,Chennai,Remote,1679941
22,Male,Bachelor's,Intern,0.9,Hyderabad,On-site,580456
51,Female,Bachelor's,Software Engineer,22.0,Mumbai,Hybrid,3851903
56,Male,Bachelor's,Product Manager,14.5,Pune,On-site,3085103
19,Female,Bachelor's,Business Analyst,4.1,Noida,On-site,1136282
25,Male,Bachelor's,Backend Developer,14.9,Gurgaon,Hybrid,2927887
30,Female,High School,Product Manager,9.5,Hyderabad,Remote,2310401
41,Male,Bachelor's,Backend Developer,18.2,Pune,Remote,3302182
21,Female,Master's,Product Manager,12.1,Gurgaon,On-site,2969207
40,Female,Bachelor's,Software Engineer,24.0,Mumbai,Remote,4195310
42,Female,Bachelor's,QA Engineer,13.6,Chennai,Hybrid,2496635
29,Female,Bachelor's,DevOps Engineer,11.3,Hyderabad,Hybrid,2186548
36,Female,Bachelor's,Full Stack Developer,19.1,Gurgaon,On-site,3553322
21,Female,Master's,UX Designer,22.1,Chennai,Hybrid,4098271
18,Male,Bachelor's,Intern,0.8,Bangalore,Remote,548617
54,Female,Bachelor's,Project Manager,22.3,Pune,Remote,4248877
48,Male,Bachelor's,Data Scientist,10.1,Bangalore,Hybrid,2414320
36,Female,Bachelor's,Data Scientist,18.9,Hyderabad,Hybrid,3697267
30,Male,Master's,Product Manager,10.3,Mumbai,On-site,2833210
22,Male,Bachelor's,DevOps Engineer,11.9,Gurgaon,Remote,2359040
44,Female,Bachelor's,Data Scientist,9.4,Pune,Remote,2283412
30,Male,Master's,DevOps Engineer,10.8,Mumbai,On-site,2473520
26,Female,Bachelor's,Product Manager,8.3,Gurgaon,Remote,2239826
53,Female,Bachelor's,Data Scientist,22.7,Noida,Remote,4259304
30,Male,PhD,UX Designer,19.9,Pune,Hybrid,4040200
21,Male,Bachelor's,HR Manager,17.3,Hyderabad,Hybrid,3588968
25,Female,Master's,Full Stack Developer,15.0,Pune,On-site,2998845
24,Female,Master's,HR Manager,5.4,Bangalore,Hybrid,1984370
21,Female,Bachelor's,Intern,0.7,Mumbai,Remote,586573
34,Male,Bachelor's,Software Engineer,20.8,Chennai,Remote,3591429
43,Female,High School,Product Manager,6.9,Pune,Hybrid,1961627
47,Female,Master's,Backend Developer,3.4,Bangalore,Hybrid,1374159
25,Female,Master's,Frontend Developer,9.1,Noida,Hybrid,2146490
26,Female,Master's,QA Engineer,21.4,Bangalore,On-site,4095577
37,Female,Bachelor's,Software Engineer,22.4,Gurgaon,Hybrid,3974554
20,Female,Bachelor's,Backend Developer,6.4,Mumbai,On-site,1544128
40,Female,Bachelor's,HR Manager,1.9,Pune,Hybrid,1142242
22,Male,Master's,Project Manager,24.3,Chennai,Remote,4718725
22,Female,Bachelor's,Intern,0.4,Pune,Hybrid,585651
26,Male,Bachelor's,Business Analyst,8.8,Chennai,Hybrid,1892588
49,Male,Master's,Backend Developer,14.0,Noida,Hybrid,2849164
54,Male,Bachelor's,Backend Developer,21.4,Pune,Hybrid,3673359
47,Female,Bachelor's,HR Manager,5.5,Chennai,Hybrid,1735120
18,Male,Bachelor's,Full Stack Developer,15.2,Pune,On-site,2764656
33,Female,Bachelor's,Backend Developer,14.5,Gurgaon,On-site,2744423
20,Male,Bachelor's,Intern,0.6,Mumbai,Hybrid,362260
22,Female,Bachelor's,QA Engineer,17.3,Hyderabad,Remote,3126172
38,Male,Bachelor's,Business Analyst,3.4,Pune,Hybrid,1039881
51,Female,Bachelor's,Project Manager,9.6,Gurgaon,Remote,2450212
26,Male,Master's,Frontend Developer,10.2,Pune,Remote,2288435
21,Male,Bachelor's,Intern,0.5,Noida,Remote,527440
39,Female,Bachelor's,UX Designer,15.4,Mumbai,Hybrid,2969202
47,Female,Bachelor's,Product Manager,11.2,Pune,Hybrid,2533113
30,Male,Bachelor's,HR Manager,12.3,Mumbai,On-site,2904233
59,Male,Master's,Data Scientist,12.9,Gurgaon,Hybrid,3132747
59,Male,Bachelor's,Backend Developer,18.2,Noida,Remote,3240650
24,Female,Bachelor's,Frontend Developer,22.8,Mumbai,Remote,3996041
28,Female,High School,DevOps Engineer,8.1,Pune,On-site,1703769
49,Female,Bachelor's,Full Stack Developer,9.4,Mumbai,Hybrid,2069680
48,Male,Bachelor's,Product Manager,1.6,Mumbai,Hybrid,1332659
20,Female,Master's,Intern,0.1,Pune,Remote,314492
53,Male,Bachelor's,HR Manager,11.2,Hyderabad,Remote,2654442
29,Female,Bachelor's,Data Scientist,11.0,Noida,On-site,2418129
35,Male,PhD,Software Engineer,9.1,Chennai,Hybrid,2441703
38,Male,High School,UX Designer,8.2,Mumbai,Remote,1888527
59,Male,Bachelor's,QA Engineer,18.8,Noida,On-site,3356166
38,Male,PhD,Frontend Developer,11.1,Noida,Hybrid,2728602
22,Male,Master's,UX Designer,11.4,Chennai,On-site,2419500
19,Male,Bachelor's,Intern,0.3,Chennai,Hybrid,518049
20,Male,Bachelor's,Product Manager,7.8,Bangalore,Hybrid,2202580
27,Male,Bachelor's,Full Stack Developer,18.8,Mumbai,Hybrid,3501577
43,Female,Master's,Backend Developer,1.2,Gurgaon,Remote,1058584
46,Female,Bachelor's,Full Stack Developer,15.6,Chennai,Hybrid,2894611
54,Female,Bachelor's,DevOps Engineer,9.3,Bangalore,On-site,2087171
54,Male,Bachelor's,Business Analyst,1.0,Hyderabad,On-site,675279
21,Female,Bachelor's,Intern,0.5,Noida,On-site,365372
50,Male,High School,Business Analyst,0.7,Bangalore,Hybrid,790520
38,Male,Bachelor's,Frontend Developer,19.8,Hyderabad,Hybrid,3484768
43,Male,Master's,Data Scientist,13.1,Noida,Remote,2983361
59,Female,Master's,Business Analyst,22.4,Pune,Remote,4028525
56,Female,High School,Software Engineer,23.4,Bangalore,Remote,4112623
24,Male,Bachelor's,Marketing Manager,14.4,Noida,Remote,3070075
24,Male,Master's,Project Manager,3.6,Hyderabad,Hybrid,1716233
18,Male,Master's,Project Manager,19.9,Hyderabad,Remote,4039741
20,Male,Master's,QA Engineer,23.7,Noida,Hybrid,4268932
43,Male,Master's,DevOps Engineer,4.6,Chennai,Remote,1468399
37,Female,Bachelor's,Full Stack Developer,9.9,Bangalore,On-site,2119601
55,Male,Master's,Business Analyst,14.0,Pune,On-site,2797961
59,Male,Bachelor's,UX Designer,15.4,Pune,Remote,2904757
26,Female,Bachelor's,UX Designer,17.1,Mumbai,Remote,3208261
19,Male,PhD,UX Designer,12.5,Bangalore,On-site,3049871
26,Female,Bachelor's,Project Manager,15.0,Hyderabad,Hybrid,3243078
49,Female,Bachelor's,Frontend Developer,3.9,Gurgaon,Remote,1273928
26,Female,Bachelor's,Backend Developer,13.2,Chennai,Remote,2520495
49,Male,Bachelor's,Business Analyst,16.3,Noida,Remote,3009291
38,Female,Bachelor's,UX Designer,9.5,Bangalore,Hybrid,2050024
35,Male,High School,HR Manager,19.4,Pune,Hybrid,3884728
19,Female,Master's,Intern,0.6,Mumbai,Remote,552791
25,Female,Bachelor's,Marketing Manager,9.8,Pune,Remote,2325129
48,Male,Bachelor's,Project Manager,10.1,Hyderabad,On-site,2437030
23,Female,Bachelor's,Intern,0.4,Gurgaon,Remote,344433
22,Female,Master's,Backend Developer,5.6,Bangalore,On-site,1632038
40,Female,Bachelor's,HR Manager,5.8,Mumbai,Hybrid,1949181
18,Female,Bachelor's,Marketing Manager,2.9,Pune,Hybrid,1303066
26,Male,Bachelor's,Product Manager,7.2,Bangalore,Hybrid,2137272
39,Female,Bachelor's,UX Designer,25.0,Mumbai,Hybrid,4427015
24,Male,Bachelor's,DevOps Engineer,9.4,Gurgaon,Remote,2033233
27,Male,Bachelor's,DevOps Engineer,5.7,Bangalore,Remote,1469953
59,Female,Bachelor's,Product Manager,15.3,Gurgaon,Remote,3349598
21,Male,Bachelor's,UX Designer,4.1,Chennai,On-site,1189996
43,Male,Bachelor's,Business Analyst,7.4,Hyderabad,Remote,1580102
23,Male,Bachelor's,Full Stack Developer,23.5,Gurgaon,On-site,4164585
42,Male,Bachelor's,Business Analyst,23.7,Noida,Hybrid,4060348
34,Female,Bachelor's,Project Manager,24.5,Mumbai,Remote,4773812
18,Male,Bachelor's,Intern,0.3,Chennai,Remote,536018
21,Female,Master's,Intern,0.9,Mumbai,Hybrid,353817
33,Female,Master's,Business Analyst,18.7,Noida,On-site,3567344
34,Male,Bachelor's,Marketing Manager,11.1,Mumbai,Hybrid,2674923
52,Female,Master's,Product Manager,6.2,Mumbai,Hybrid,2081509
41,Female,Bachelor's,DevOps Engineer,21.2,Gurgaon,Hybrid,3758825
28,Male,Bachelor's,Project Manager,3.9,Bangalore,On-site,1562305
23,Male,Bachelor's,Data Scientist,23.4,Noida,Hybrid,4364675
21,Male,Bachelor's,QA Engineer,23.6,Bangalore,Hybrid,4207599
38,Female,Master's,Product Manager,3.3,Mumbai,Hybrid,1659572
35,Female,PhD,UX Designer,18.7,Gurgaon,Remote,3938475
52,Male,Master's,Frontend Developer,22.3,Chennai,Hybrid,4022916
24,Male,PhD,HR Manager,17.1,Noida,Remote,4016284
30,Male,Bachelor's,Business Analyst,19.7,Pune,On-site,3407916
49,Female,Bachelor's,Product Manager,14.3,Noida,Hybrid,3051837
23,Male,Master's,Product Manager,7.6,Gurgaon,On-site,2418687
27,Male,Master's,Project Manager,22.2,Pune,On-site,4448674
